{"cameraMode":{"drawMode":0,"name":"Shaded","section":"Shading Mode"},"sceneLighting":false,"audioPlay":false,"sceneViewState":{"m_AlwaysRefresh":false,"showFog":false,"showSkybox":false,"showFlares":false,"showImageEffects":false,"showParticleSystems":false,"showVisualEffectGraphs":true,"m_FxEnabled":true},"in2DMode":false,"pivot":{"x":1.2069710493087769,"y":7.176906585693359,"z":5.4282989501953129},"rotation":{"x":-0.32700228691101076,"y":-0.030612776055932046,"z":0.010601740330457688,"w":-0.944473385810852},"size":1.9154021739959717,"orthographic":false}